---
title: Mysql系列 01 - 分析查询语句：EXPLAIN
date: 2024-02-21
slug: mysql/explain
image: img/2024/02/MassachusettsHumpbacks.jpg
categories: [Learning]
tags: [Learning, mysql]
---


## 概述
**定位了慢查询的 SQL 之后，可以使用 EXPLAIN 或 DESCRIBE 工具做针对性的分析查询语句**。
**DESCRIBE** 语句的使用方法与 **EXPLAIN** 语句是一样的，并且分析结果也是一样的。

MySQL 中有专门负责优化 SELECT 语句的优化器模块，主要功能：通过计算分许系统中收集到的统计信息，为客户端请求的 Query 提供它认为最优的**执行计划**。

## 基本语法

```mysql
EXPLAIN SELECT select_options
或者
DESCRIBE SELECT select_options
...
```
在要查看的 SQL 语句前加上上面关键字即可。

## EXPLAIN 各列的作用
| 列名           | 描述 |
|--------------|--|
| id           | 在一个大查询语句中每一个 SELECT 关键字都对应一个**唯一ID** |
| select_type  | SELECT 关键字对应的那个查询的类型 |
| table        | 表名 |
| partitions   | 匹配的分区信息 |
| type         | 针对单表的访问方法 |
| possible_key | 可能用到的索引 |
| key          | 实际用到的索引 |
| key_len      | 实际用到的索引长度 |
| ref          | 当使用索引列等值查询时，与索引列进行等值匹配的对象信息 |
| rows         | 预估需要读取的记录条数 |
| filtered     | 某个表经过搜索条件过滤后剩余记录条数的百分比 |
| Extra        | 一些额外信息 |

下面以具体的实例来说明，准备两张表，表结构，s1 与 s2 的表结构完全相同。
```mysql
CREATE TABLE `s1` (
  `id` int NOT NULL AUTO_INCREMENT,
  `key1` varchar(100) DEFAULT NULL,
  `key2` int DEFAULT NULL,
  `key3` varchar(100) DEFAULT NULL,
  `key_part1` varchar(100) DEFAULT NULL,
  `key_part2` varchar(100) DEFAULT NULL,
  `key_part3` varchar(100) DEFAULT NULL,
  `common_field` varchar(100) DEFAULT NULL,
  PRIMARY KEY (`id`),
  UNIQUE KEY `idx_key2` (`key2`),
  KEY `idx_key1` (`key1`),
  KEY `idx_key3` (`key3`),
  KEY `idx_key_part` (`key_part1`,`key_part2`,`key_part3`)
) ENGINE=InnoDB CHARSET=utf8mb4 
```
利用函数生成10000条数据。
```mysql
set global log_bin_trust_function_creators=1;

delimiter //
create function rand_string1(n int)
    returns varchar(255)

begin
    declare chars_str varchar(100) default 'abcdefghijklmnopqrstuvwxyzABCDEFGHIJKLMNOPQRSTUVWXYZ';
    declare return_str varchar(255) default '';
    declare i int default 0;
    while i < n DO
        set return_str = concat(return_str, substring(chars_str, floor(1 + RAND() * 52), 1));
        set i = i + 1;
        end while;
    return return_str;

end //

delimiter ;

```
相关的procedure，下面以s2为例。
```mysql
delimiter //
create procedure insert_s2 (in min_num int (10), in max_num int (10))

begin
    declare i int default 0;
    set autocommit = 0;
    repeat
        set i = i + 1;
        insert into s2 values (
               (min_num + i),
               rand_string1(6),
               (min_num + 30 * i + 5),
               rand_string1(6),
               rand_string1(10),
               rand_string1(5),
               rand_string1(10),
               rand_string1(10)
               );
    until i = max_num
        end repeat;
    commit ;
end //

delimiter ;

call insert_s2(10001, 10000);
```

最终的效果：
```mysql
mysql> select count(*) from s1;
+----------+
| count(*) |
+----------+
|    10000 |
+----------+
1 row in set (0.00 sec)

mysql> select count(*) from s2;
+----------+
| count(*) |
+----------+
|    10000 |
+----------+
1 row in set (0.00 sec)

mysql> select * from s1 limit 5;
+-------+--------+-------+--------+------------+-----------+------------+--------------+
| id    | key1   | key2  | key3   | key_part1  | key_part2 | key_part3  | common_field |
+-------+--------+-------+--------+------------+-----------+------------+--------------+
| 10002 | HUBYoz | 10036 | FEcBzT | TOmTHFgPFJ | BFzEy     | GIzvELSdQU | asNKlbAxKi   |
| 10003 | MlQzYv | 10066 | iDrbdo | llyJYQkAYq | LFTDk     | qYVIEXZdsG | ajUXcvUnGr   |
| 10004 | PZBKXH | 10096 | qLGWPl | JNPHRpXTzS | OsynT     | HCSEterxlM | dfsuXEbvYE   |
| 10005 | cxgmRw | 10126 | JgDxCu | rBFwqsNNyh | pdvSe     | QSRGFjdPPD | wAnMUpPdZL   |
| 10006 | JjVbsK | 10156 | vZJwfl | QvGVJHlifd | YLJkZ     | qItRcONxXu | hCqWJInpIz   |
+-------+--------+-------+--------+------------+-----------+------------+--------------+
5 rows in set (0.00 sec)

mysql> select * from s2 limit 5;
+-------+--------+-------+--------+------------+-----------+------------+--------------+
| id    | key1   | key2  | key3   | key_part1  | key_part2 | key_part3  | common_field |
+-------+--------+-------+--------+------------+-----------+------------+--------------+
| 10002 | IfCups | 10036 | TpSwBt | qxoanmyFFm | sbfxX     | vlTILEQoWR | uwZHoyzcME   |
| 10003 | MTlvxc | 10066 | RdPRNp | lijuwZItRe | Wvmaq     | AGDYjZtWAP | yWmupoCRCo   |
| 10004 | JFZhMl | 10096 | XdzoTD | myFIAAcKuS | fVnEg     | SWfKjPxTZr | KBBeSaysrG   |
| 10005 | fJcmat | 10126 | SikDmy | IVDdFTEnEf | NBtnj     | inQpZgGMRX | pEbvYHqHpB   |
| 10006 | NiFAKa | 10156 | UzMlVT | IKzrkcHbni | eUksi     | MkQyWmulVW | UHEaotaVEj   |
+-------+--------+-------+--------+------------+-----------+------------+--------------+
5 rows in set (0.00 sec)

```
### id
在一个大的查询语句中每个SELECT关键字都对应一个唯一的id（一般出现几个 SELECT 关键字就会有几个 ID），如：

```mysql
mysql> explain select * from s1 where key1 in (select key1 from s2) or key3 = 'FEcBzT';
+----+-------------+-------+------------+-------+---------------+----------+---------+------+------+----------+-------------+
| id | select_type | table | partitions | type  | possible_keys | key      | key_len | ref  | rows | filtered | Extra       |
+----+-------------+-------+------------+-------+---------------+----------+---------+------+------+----------+-------------+
|  1 | PRIMARY     | s1    | NULL       | ALL   | idx_key3      | NULL     | NULL    | NULL | 9798 |   100.00 | Using where |
|  2 | SUBQUERY    | s2    | NULL       | index | idx_key1      | idx_key1 | 403     | NULL | 9798 |   100.00 | Using index |
+----+-------------+-------+------------+-------+---------------+----------+---------+------+------+----------+-------------+
2 rows in set, 1 warning (0.01 sec)
```

但是有的情况下查询优化器可能会对涉及到子查询的语句进行重写，转变为多表查询的操作，如：

```mysql
mysql> explain select * from s1 where key1 in (select key2 from s2 where s1.common_field = 'a');
+----+-------------+-------+------------+--------+---------------+----------+---------+-------------+------+----------+--------------------------+
| id | select_type | table | partitions | type   | possible_keys | key      | key_len | ref         | rows | filtered | Extra                    |
+----+-------------+-------+------------+--------+---------------+----------+---------+-------------+------+----------+--------------------------+
|  1 | SIMPLE      | s1    | NULL       | ALL    | idx_key1      | NULL     | NULL    | NULL        | 9798 |    10.00 | Using where              |
|  1 | SIMPLE      | s2    | NULL       | eq_ref | idx_key2      | idx_key2 | 5       | db1.s1.key1 |    1 |   100.00 | Using where; Using index |
+----+-------------+-------+------------+--------+---------------+----------+---------+-------------+------+----------+--------------------------+
2 rows in set, 3 warnings (0.01 sec)
```

涉及到中间表，比如 union 去重，会多出一个中间表。

```mysql
mysql> explain select * from s1 union select * from s2;
+----+--------------+------------+------------+------+---------------+------+---------+------+------+----------+-----------------+
| id | select_type  | table      | partitions | type | possible_keys | key  | key_len | ref  | rows | filtered | Extra           |
+----+--------------+------------+------------+------+---------------+------+---------+------+------+----------+-----------------+
|  1 | PRIMARY      | s1         | NULL       | ALL  | NULL          | NULL | NULL    | NULL | 9798 |   100.00 | NULL            |
|  2 | UNION        | s2         | NULL       | ALL  | NULL          | NULL | NULL    | NULL | 9798 |   100.00 | NULL            |
|  3 | UNION RESULT | <union1,2> | NULL       | ALL  | NULL          | NULL | NULL    | NULL | NULL |     NULL | Using temporary |
+----+--------------+------------+------------+------+---------------+------+---------+------+------+----------+-----------------+
3 rows in set, 1 warning (0.01 sec)
```
union all 不涉及到去重，则没有中间表。
```mysql
mysql> explain select * from s1 union all select * from s2;
+----+-------------+-------+------------+------+---------------+------+---------+------+------+----------+-------+
| id | select_type | table | partitions | type | possible_keys | key  | key_len | ref  | rows | filtered | Extra |
+----+-------------+-------+------------+------+---------------+------+---------+------+------+----------+-------+
|  1 | PRIMARY     | s1    | NULL       | ALL  | NULL          | NULL | NULL    | NULL | 9798 |   100.00 | NULL  |
|  2 | UNION       | s2    | NULL       | ALL  | NULL          | NULL | NULL    | NULL | 9798 |   100.00 | NULL  |
+----+-------------+-------+------------+------+---------------+------+---------+------+------+----------+-------+
2 rows in set, 1 warning (0.00 sec)
```

**小结**：
* ID 相同，可认为是一组，从上往下执行。
* 在所有组中，id值越大，优先级越高，越先执行。
* ID 号的每个号码表示一趟独立的查询，一个 SQL 的查询趟数越少越好

### select_type

### table
查询的每一行记录都对应者一个单表
```mysql
mysql> explain select * from s1;
+----+-------------+-------+------------+------+---------------+------+---------+------+------+----------+-------+
| id | select_type | table | partitions | type | possible_keys | key  | key_len | ref  | rows | filtered | Extra |
+----+-------------+-------+------------+------+---------------+------+---------+------+------+----------+-------+
|  1 | SIMPLE      | s1    | NULL       | ALL  | NULL          | NULL | NULL    | NULL | 9798 |   100.00 | NULL  |
+----+-------------+-------+------------+------+---------------+------+---------+------+------+----------+-------+
1 row in set, 1 warning (0.01 sec)
```

s1：驱动表，s2：被驱动表

s1、s2的 ID 相同，在上面的称为驱动表，下面的称为被驱动表。
```mysql
mysql> explain select * from s1 inner join s2;
+----+-------------+-------+------------+------+---------------+------+---------+------+------+----------+-------------------------------+
| id | select_type | table | partitions | type | possible_keys | key  | key_len | ref  | rows | filtered | Extra                         |
+----+-------------+-------+------------+------+---------------+------+---------+------+------+----------+-------------------------------+
|  1 | SIMPLE      | s1    | NULL       | ALL  | NULL          | NULL | NULL    | NULL | 9798 |   100.00 | NULL                          |
|  1 | SIMPLE      | s2    | NULL       | ALL  | NULL          | NULL | NULL    | NULL | 9798 |   100.00 | Using join buffer (hash join) |
+----+-------------+-------+------------+------+---------------+------+---------+------+------+----------+-------------------------------+
2 rows in set, 1 warning (0.00 sec)
```

    
